records,throughput,memory_bytes,adds,modifies,cancels,trades,fills,add_p50_ns,add_p99_ns,add_p999_ns,modify_p50_ns,modify_p99_ns,modify_p999_ns,cancel_p50_ns,cancel_p99_ns,cancel_p999_ns,trade_p50_ns,trade_p99_ns,trade_p999_ns,fill_p50_ns,fill_p99_ns,fill_p999_ns
1000000,6479896,195279608,533065,0,438421,17349,11164,51,220,1633,0,0,0,80,321,561,20,41,51,50,190,401
2000000,6915070,195279608,467473,0,507111,16618,8798,50,130,270,0,0,0,80,260,471,20,40,41,60,190,260
3000000,6710999,195279608,471538,0,510084,11537,6841,60,121,241,0,0,0,90,210,401,30,41,50,60,230,421
4000000,6749661,195279608,467040,0,511183,13960,7817,50,131,311,0,0,0,80,230,451,30,40,50,70,231,391
5000000,7290257,195279608,469228,0,512661,11770,6341,50,130,270,0,0,0,70,190,441,30,41,50,50,251,561
6000000,7184068,195279608,468908,0,514109,11039,5944,50,140,401,0,0,0,70,200,471,30,50,50,60,270,390
7000000,6922134,195279608,467933,0,516147,10025,5895,50,150,391,0,0,0,71,220,471,30,50,50,60,251,410
8000000,6938796,195279608,474111,0,508978,11201,5710,50,170,410,0,0,0,80,270,541,30,50,60,51,280,731
9000000,6879859,195279608,468417,0,509424,14322,7837,60,140,330,0,0,0,80,230,511,30,50,60,60,331,481
10000000,6739612,195279608,465191,0,504436,19834,10539,60,150,381,0,0,0,81,231,511,30,41,60,60,341,381
11000000,6230010,195279608,487914,0,474364,25316,12406,60,190,481,0,0,0,91,441,681,30,41,51,70,391,551
12000000,6444506,195279608,451139,0,494630,36141,18090,60,200,441,0,0,0,80,351,591,21,40,41,70,411,671
13000000,6758482,195279608,463449,0,501004,21970,13577,60,250,461,0,0,0,70,360,611,20,40,50,60,421,551
14000000,6772585,195279608,464554,0,501669,21326,12451,60,231,461,0,0,0,70,300,572,20,40,50,60,280,641
15000000,5921824,195279608,469341,0,501106,18845,10708,60,271,471,0,0,0,80,531,781,20,50,50,60,351,481
16000000,6511349,195279608,464446,0,507084,18451,10019,60,241,461,0,0,0,80,371,611,20,40,50,60,401,591
17000000,6356904,195279608,466204,0,502995,19797,11004,60,251,471,0,0,0,80,360,602,20,40,60,60,431,651
18000000,6232626,195279608,486964,0,481447,19836,11753,60,301,581,0,0,0,80,391,611,20,40,60,60,431,701
19000000,6526440,195279608,460083,0,498610,24480,16827,60,221,451,0,0,0,80,340,561,20,40,50,70,351,521
20000000,6419574,195279608,464475,0,496969,23417,15139,60,231,461,0,0,0,90,380,591,20,40,50,70,431,622
21000000,6281132,195279608,463738,0,500143,22466,13653,60,250,491,0,0,0,90,371,621,20,40,50,70,451,701
22000000,5509165,195279608,444408,0,523604,20585,11403,70,321,541,0,0,0,100,541,821,30,41,60,70,391,711
23000000,5544305,195279608,492094,0,477059,18725,12122,71,371,591,0,0,0,100,451,692,30,50,70,60,431,561
24000000,5247254,195279608,498956,0,459509,25181,16354,80,351,601,0,0,0,110,531,782,30,50,60,80,521,751
25000000,3766896,195279608,701546,0,285571,7708,5175,131,481,2175,0,0,0,111,632,842,30,60,81,80,561,592
26000000,4116353,195279608,561030,0,424916,8473,5581,140,461,2305,0,0,0,130,661,882,30,60,60,91,762,891
27000000,3528489,195279608,697272,0,270163,21729,10836,130,481,2225,0,0,0,200,762,922,30,41,50,100,691,792
28000000,4420299,195279608,656341,0,301245,26501,15913,120,431,2175,0,0,0,131,752,901,20,40,50,110,581,782
29000000,5708018,195279608,660114,0,306188,20332,13366,30,331,501,0,0,0,120,691,882,20,40,50,110,551,761
30000000,6055510,195279608,615103,0,336046,29375,19476,30,321,491,0,0,0,120,622,882,20,40,50,110,571,701
31000000,7027845,195279608,658080,0,301205,25199,15516,30,240,461,0,0,0,120,581,881,20,31,40,110,521,721
32000000,6837611,195279608,670413,0,299785,18303,11499,30,251,481,0,0,0,120,611,832,20,40,50,110,521,752
33000000,6944347,195279608,692860,0,284621,14040,8479,20,251,471,0,0,0,120,631,852,20,40,50,110,541,681
34000000,6593446,195279608,665260,0,313249,13438,8053,20,280,471,0,0,0,120,621,842,20,40,50,91,521,761
35000000,4512665,195279608,435168,0,524161,25318,15353,130,411,541,0,0,0,120,651,871,20,41,51,91,501,611
36000000,4549927,195279608,422332,0,532049,27453,18166,121,411,511,0,0,0,120,641,852,20,40,50,100,551,691
37000000,4691304,195279608,426726,0,517966,32897,22411,121,411,521,0,0,0,120,631,861,20,40,50,100,491,682
38000000,5143868,195279608,468243,0,480784,31187,19786,120,401,521,0,0,0,110,581,841,20,40,50,100,531,631
39000000,5103739,195279608,471687,0,483481,27432,17400,120,410,521,0,0,0,111,581,822,20,40,50,100,551,711
40000000,5132564,195279608,470651,0,482086,28252,19011,120,391,501,0,0,0,110,571,802,20,40,50,101,501,681
41000000,5265595,195279608,471782,0,484233,26851,17134,120,391,491,0,0,0,110,561,831,20,40,50,100,541,722
42000000,5308571,195279608,470435,0,485341,26736,17488,110,371,511,0,0,0,110,571,832,20,40,50,100,461,681
43000000,5191568,195279608,469642,0,481576,29005,19777,120,390,501,0,0,0,111,571,822,20,40,50,100,541,721
44000000,5145951,195279608,460698,0,494675,26778,17849,120,380,490,0,0,0,111,581,831,20,40,50,110,531,822
45000000,5156003,195279608,453959,0,500571,27004,18466,120,391,501,0,0,0,110,591,851,20,40,50,100,511,771
46000000,5069827,195279608,458040,0,498759,25764,17437,120,390,531,0,0,0,111,581,862,20,40,50,110,541,802
47000000,5197483,195279608,462181,0,495449,25253,17117,120,390,501,0,0,0,111,581,812,20,40,50,110,571,742
48000000,5258540,195279608,466793,0,487261,27074,18872,111,391,501,0,0,0,111,571,822,20,40,50,100,481,752
49000000,5200943,195279608,470663,0,484847,26733,17757,120,381,501,0,0,0,111,561,812,20,40,50,101,531,791
50000000,5113834,195279608,478886,0,479925,24218,16971,120,400,541,0,0,0,111,581,831,20,40,50,110,531,641
51000000,5195628,195279608,476752,0,486385,21971,14892,120,391,511,0,0,0,111,571,801,20,40,60,100,531,732
52000000,5229387,195279608,475644,0,488043,21676,14637,120,380,491,0,0,0,111,561,821,20,41,60,100,531,691
53000000,5306153,195279608,474339,0,486251,22835,16575,110,360,491,0,0,0,110,561,811,20,41,51,110,631,842
54000000,5288063,195279608,475303,0,485439,23259,15999,120,391,501,0,0,0,111,561,811,20,40,50,100,531,862
55000000,5180545,195279608,473997,0,488037,22433,15533,120,391,491,0,0,0,111,562,821,20,41,60,110,561,722
56000000,5280318,195279608,476142,0,487973,21552,14333,120,381,491,0,0,0,110,561,832,20,50,60,100,471,611
57000000,5412845,195279608,477174,0,488773,20656,13397,110,360,481,0,0,0,110,551,801,20,40,50,100,551,761
58000000,5331172,195279608,478789,0,487282,20196,13733,110,371,521,0,0,0,111,571,821,20,50,50,110,561,751
59000000,5349924,195279608,476013,0,489380,20570,14037,110,371,491,0,0,0,111,552,831,20,40,60,110,501,791
60000000,5446831,195279608,478273,0,489482,19185,13060,80,361,490,0,0,0,110,551,792,20,41,50,110,521,591
61000000,5438257,195279608,477501,0,489435,19857,13207,80,351,501,0,0,0,110,551,791,20,40,51,110,602,742
62000000,5450377,195279608,476752,0,488134,21101,14013,100,370,531,0,0,0,110,541,792,20,40,50,101,521,621
63000000,5487147,195279608,466760,0,486669,26788,19783,90,361,490,0,0,0,110,551,782,20,40,50,110,541,722
64000000,5465416,195279608,475117,0,488864,21314,14705,80,361,501,0,0,0,110,551,792,20,40,50,110,471,621
65000000,5389202,195279608,477714,0,488836,20173,13277,110,381,511,0,0,0,110,551,821,20,41,51,110,541,672
66000000,5402837,195279608,475954,0,488470,21180,14396,110,371,501,0,0,0,110,551,801,20,41,61,110,541,652
67000000,5340077,195279608,475035,0,487918,21832,15215,120,401,521,0,0,0,110,561,821,20,40,60,110,581,712
68000000,5405076,195279608,474833,0,488336,21589,15242,110,371,501,0,0,0,110,551,812,20,40,50,110,562,862
69000000,5473253,195279608,475774,0,487944,21408,14874,80,371,501,0,0,0,110,561,812,20,41,51,101,521,761
70000000,5356527,195279608,472054,0,486799,24077,17070,110,371,511,0,0,0,111,551,792,20,40,50,110,531,862
71000000,5374504,195279608,473538,0,484700,24514,17248,110,371,501,0,0,0,110,551,821,20,40,50,110,551,691
72000000,5327213,195279608,478564,0,490213,18502,12721,80,351,501,0,0,0,111,561,842,20,40,50,110,471,671
73000000,5459061,195279608,477559,0,492541,17842,12058,80,361,491,0,0,0,110,551,821,20,41,50,110,571,751
74000000,5355572,195279608,476975,0,490082,19462,13481,110,381,511,0,0,0,111,541,772,20,41,50,101,561,611
75000000,5396300,195279608,477023,0,489722,19954,13301,110,361,491,0,0,0,110,551,811,20,40,50,110,581,732
76000000,5458772,195279608,479259,0,489351,18841,12549,110,381,491,0,0,0,110,541,781,20,40,51,110,541,812
77000000,5365907,195279608,474019,0,489236,21281,15464,110,390,491,0,0,0,111,551,802,20,40,60,110,601,932
78000000,5457664,195279608,474930,0,487848,21716,15506,80,361,491,0,0,0,110,551,791,20,40,50,110,471,621
79000000,5414137,195279608,474028,0,488762,21990,15220,90,370,491,0,0,0,110,551,832,20,40,41,110,531,681
80000000,5426066,195279608,474034,0,489316,21463,15187,81,361,520,0,0,0,110,551,782,20,40,50,110,541,671
81000000,5434721,195279608,477470,0,490223,19184,13123,80,351,511,0,0,0,110,551,802,20,41,50,110,481,712
82000000,5449970,195279608,478135,0,491149,18055,12661,80,370,501,0,0,0,110,551,791,20,40,50,110,541,822
83000000,5377926,195279608,477744,0,489924,19471,12861,80,371,511,0,0,0,111,561,811,20,40,50,110,481,711
84000000,5471104,195279608,479404,0,491142,17583,11871,81,371,501,0,0,0,111,541,771,20,40,50,110,481,712
85000000,5420064,195279608,475977,0,488228,21246,14549,81,361,501,0,0,0,111,551,792,20,40,50,110,511,571
86000000,5533711,195279608,470926,0,488440,23566,17068,70,370,511,0,0,0,110,541,792,20,40,50,110,541,712
87000000,5621245,195279608,476643,0,489509,20230,13618,70,371,511,0,0,0,110,531,772,20,40,50,100,531,661
88000000,5508588,195279608,476517,0,488432,20744,14307,100,371,501,0,0,0,110,551,802,20,40,50,101,541,772
89000000,5378094,195279608,475750,0,488776,21264,14210,110,361,501,0,0,0,110,551,821,20,40,50,101,511,621
90000000,5372245,195279608,475442,0,488644,21505,14409,120,381,501,0,0,0,110,541,821,20,40,51,110,561,702
91000000,5420732,195279608,475597,0,490228,20213,13962,110,371,491,0,0,0,110,551,801,20,40,51,110,551,811
92000000,5528731,195279608,476813,0,488935,20400,13852,80,361,491,0,0,0,110,541,801,20,41,60,101,501,581
93000000,5513156,195279608,476425,0,489362,20402,13811,90,380,501,0,0,0,110,551,781,20,41,51,101,501,4379
94000000,5557769,195279608,473174,0,486306,24330,16190,80,361,491,0,0,0,110,541,801,20,40,50,110,551,842
95000000,5207340,195279608,479382,0,490311,18054,12253,110,390,501,0,0,0,120,572,842,30,40,50,110,511,611
96000000,5440649,195279608,477078,0,486532,21766,14624,100,380,511,0,0,0,110,541,791,20,50,60,100,541,651
97000000,5519177,195279608,477624,0,487774,20667,13935,100,380,501,0,0,0,110,541,781,20,40,50,100,521,581
98000000,5476399,195279608,475906,0,488270,21198,14626,110,370,511,0,0,0,110,551,781,20,41,51,110,541,731
99000000,5449032,195279608,472351,0,487576,23281,16792,80,361,501,0,0,0,110,551,822,20,40,60,110,591,761
100000000,5458537,195279608,474256,0,490223,20745,14776,70,361,491,0,0,0,110,571,821,20,40,51,110,471,621
101000000,5478466,195279608,475990,0,490684,19857,13469,80,361,511,0,0,0,110,551,802,20,40,51,101,531,621
102000000,5474706,195279608,476310,0,492278,18613,12799,80,371,501,0,0,0,111,551,801,20,41,51,110,531,692
103000000,5538286,195279608,474371,0,490661,20433,14535,80,351,511,0,0,0,110,541,782,20,41,60,110,541,731
104000000,5517475,195279608,472342,0,488871,22803,15984,100,361,501,0,0,0,110,541,782,20,40,50,110,551,791
105000000,5545779,195279608,476482,0,492055,18689,12774,70,371,501,0,0,0,110,541,782,20,40,50,110,431,561
106000000,5509485,195279608,473985,0,490388,21140,14487,70,361,521,0,0,0,110,551,812,20,40,60,110,561,821
107000000,5488501,195279608,473608,0,489110,21818,15464,80,361,491,0,0,0,110,541,801,20,40,60,110,471,691
108000000,5508408,195279608,475019,0,491181,19911,13889,80,370,511,0,0,0,110,541,801,20,40,50,110,541,651
109000000,5300896,195279608,473963,0,490117,20889,15031,101,370,521,0,0,0,111,561,822,20,40,50,110,541,772
110000000,5539729,195279608,479723,0,492972,16363,10942,81,371,501,0,0,0,110,541,781,20,50,60,110,561,631
111000000,5537243,195279608,478682,0,491809,17536,11973,90,380,511,0,0,0,110,541,772,20,50,51,110,501,701
112000000,5537010,195279608,481136,0,492030,15929,10905,90,371,511,0,0,0,110,541,792,20,40,50,110,541,821
113000000,5472683,195279608,475042,0,490131,20558,14269,80,361,501,0,0,0,111,551,802,20,41,50,110,531,621
114000000,5493456,195279608,473616,0,489392,21474,15518,80,360,501,0,0,0,111,551,822,20,40,50,110,471,631
115000000,5510809,195279608,477882,0,491493,18139,12486,80,371,521,0,0,0,111,541,792,20,40,51,110,551,641
116000000,5599799,195279608,475763,0,490240,20118,13879,80,361,511,0,0,0,110,541,801,20,50,60,110,541,782
117000000,5551609,195279608,473953,0,489612,21352,15083,80,361,511,0,0,0,110,551,812,20,40,51,110,461,772
118000000,5617362,195279608,473277,0,489226,21782,15715,70,361,491,0,0,0,110,551,781,20,41,51,110,541,671
119000000,5625839,195279608,474836,0,489968,20398,14798,70,360,491,0,0,0,110,541,802,20,41,60,110,501,692
120000000,5620478,195279608,478715,0,491254,17721,12310,71,371,510,0,0,0,110,541,772,20,40,50,101,441,672
121000000,5503340,195279608,477693,0,491044,18451,12812,80,371,511,0,0,0,111,541,781,20,41,50,110,551,932
122000000,5615647,195279608,477671,0,490566,18883,12880,70,351,511,0,0,0,110,541,822,20,40,50,110,501,611
123000000,5527000,195279608,475862,0,490858,19425,13855,71,371,501,0,0,0,111,541,811,20,50,60,110,511,631
124000000,5483332,195279608,475643,0,489348,20503,14506,90,381,501,0,0,0,111,541,762,20,40,50,110,481,712
125000000,5637738,195279608,476912,0,489565,19776,13747,80,361,501,0,0,0,110,531,781,20,40,50,110,461,581
126000000,5555420,195279608,474970,0,490854,19990,14186,80,371,501,0,0,0,110,541,772,20,40,51,110,491,712
127000000,5574792,195279608,476484,0,490584,19522,13410,70,351,511,0,0,0,110,551,802,20,41,61,110,531,651
128000000,5367052,195279608,470200,0,489876,22859,17065,71,361,501,0,0,0,111,571,832,20,40,50,110,531,661
129000000,5473154,195279608,476643,0,488431,20380,14546,90,371,501,0,0,0,111,551,831,20,50,50,110,451,631
130000000,5518872,195279608,474189,0,489594,21067,15150,80,361,501,0,0,0,111,541,781,20,40,50,110,561,691
131000000,5479354,195279608,475962,0,490257,19615,14166,100,370,511,0,0,0,110,551,782,20,40,50,110,531,701
132000000,5494195,195279608,471907,0,489169,22638,16286,100,380,491,0,0,0,110,551,821,20,40,51,110,521,671
133000000,5426442,195279608,475411,0,488838,20866,14885,100,390,521,0,0,0,111,551,791,20,50,60,110,541,722
134000000,5395549,195279608,478395,0,492267,17152,12186,110,371,501,0,0,0,111,551,811,20,41,50,110,521,641
135000000,5485333,195279608,477115,0,490143,19262,13480,110,361,501,0,0,0,110,541,792,20,40,50,101,551,861
136000000,5477023,195279608,478768,0,490362,18221,12649,90,371,491,0,0,0,111,551,822,20,40,50,110,571,862
137000000,5484398,195279608,476969,0,489567,19718,13746,80,361,501,0,0,0,111,551,772,20,50,51,110,551,772
138000000,5511613,195279608,474922,0,489338,20987,14753,80,360,511,0,0,0,111,551,782,20,40,50,110,521,751
139000000,5535367,195279608,477708,0,490099,19106,13087,80,371,501,0,0,0,111,541,782,20,40,50,110,561,802
140000000,5548923,195279608,479361,0,492073,17005,11561,80,371,501,0,0,0,110,531,772,20,41,50,110,521,672
141000000,5598691,195279608,478289,0,492181,17417,12113,71,360,500,0,0,0,110,541,792,20,41,50,110,521,581
142000000,5622706,195279608,477823,0,491842,17904,12431,70,361,501,0,0,0,110,551,791,20,40,50,110,572,781
143000000,5491240,195279608,476363,0,490586,19148,13903,80,381,511,0,0,0,111,551,801,20,41,50,110,591,741
144000000,5667692,195279608,478929,0,491243,17637,12191,70,361,491,0,0,0,110,541,791,20,50,60,110,511,721
145000000,5657665,195279608,477275,0,491631,18566,12528,70,370,491,0,0,0,110,531,791,20,40,60,110,481,621
146000000,5595785,195279608,478220,0,491850,17841,12089,80,370,501,0,0,0,110,541,781,20,40,50,110,581,822
147000000,5452934,195279608,476233,0,492796,17975,12996,80,370,511,0,0,0,111,551,812,20,41,51,110,531,862
148000000,5539923,195279608,478438,0,491020,17984,12558,70,381,531,0,0,0,110,551,802,20,41,60,110,491,691
149000000,5588731,195279608,477168,0,491693,17998,13141,80,371,501,0,0,0,110,541,802,20,50,50,110,471,661
150000000,5610318,195279608,477681,0,490971,18456,12892,70,360,491,0,0,0,110,541,772,20,40,60,110,441,711
151000000,5668304,195279608,477053,0,490880,18938,13129,70,350,491,0,0,0,110,541,771,20,41,60,110,511,641
152000000,5632985,195279608,475031,0,490153,20172,14644,70,351,491,0,0,0,110,541,772,20,40,51,110,531,641
153000000,5682371,195279608,477128,0,491758,18392,12722,61,351,501,0,0,0,110,541,801,20,41,51,110,481,631
154000000,5575134,195279608,476932,0,490682,18881,13505,80,360,501,0,0,0,110,551,822,20,41,50,110,591,691
155000000,5589773,195279608,470812,0,488291,23474,17423,80,371,511,0,0,0,110,541,781,20,40,60,110,501,612
156000000,5657215,195279608,470514,0,494517,20559,14410,70,351,511,0,0,0,110,541,811,20,41,60,110,541,811
157000000,5595580,195279608,474711,0,489113,20956,15220,80,370,500,0,0,0,110,541,811,20,40,50,110,491,641
158000000,5666338,195279608,477467,0,488895,20124,13514,70,361,501,0,0,0,110,541,812,20,41,51,110,541,701
159000000,5700325,195279608,475631,0,488963,20901,14505,61,350,481,0,0,0,110,541,831,20,50,61,110,551,702
160000000,5628648,195279608,473665,0,488008,22671,15656,70,370,501,0,0,0,110,541,771,20,40,50,110,511,632
161000000,5564109,195279608,473197,0,488274,22767,15762,70,361,501,0,0,0,111,551,792,20,40,51,110,531,871
162000000,5607859,195279608,472878,0,488563,22927,15632,70,351,501,0,0,0,110,551,802,20,40,50,110,551,722
163000000,5310854,195279608,450982,0,504993,26342,17683,91,371,511,0,0,0,111,571,831,20,40,50,110,461,601
164000000,5441898,195279608,467164,0,480353,31091,21392,110,380,511,0,0,0,111,561,821,20,40,50,110,491,671
165000000,5563831,195279608,479115,0,471741,28598,20546,110,361,511,0,0,0,110,551,822,20,40,50,110,501,681
166000000,5591544,195279608,484851,0,477584,22420,15145,110,380,541,0,0,0,110,541,791,20,40,60,101,531,3537
167000000,5631483,195279608,476858,0,485423,21890,15829,70,361,501,0,0,0,110,541,772,20,40,50,110,571,871
168000000,5585379,195279608,475569,0,487102,21876,15453,90,361,501,0,0,0,110,531,791,20,41,51,110,481,652
169000000,5536824,195279608,475453,0,487620,21123,15804,71,371,511,0,0,0,111,551,801,20,41,50,110,541,692
170000000,5606496,195279608,481270,0,486840,18576,13314,71,361,501,0,0,0,110,541,782,20,40,50,110,491,771
171000000,5628222,195279608,477728,0,488970,19381,13921,70,361,501,0,0,0,110,541,802,20,41,60,110,511,752
172000000,5635112,195279608,477780,0,489921,19008,13291,70,381,531,0,0,0,111,541,792,20,40,50,110,511,822
173000000,5704472,195279608,474236,0,487976,21861,15927,70,361,501,0,0,0,110,531,751,20,40,50,110,481,621
174000000,5479254,195279608,474599,0,487725,21391,16285,80,381,511,0,0,0,111,551,801,20,40,41,110,531,651
175000000,5607610,195279608,476995,0,489057,19958,13990,71,360,511,0,0,0,110,541,791,20,40,60,110,542,781
176000000,5633835,195279608,477119,0,488864,19970,14047,71,361,491,0,0,0,110,541,792,20,41,50,110,541,662
177000000,5615612,195279608,477388,0,489677,19394,13541,80,370,501,0,0,0,110,531,751,20,50,60,110,461,571
178000000,5632429,195279608,476583,0,490625,19075,13717,70,360,511,0,0,0,110,531,771,20,50,60,110,501,671
179000000,5620845,195279608,478161,0,490549,18101,13189,70,351,511,0,0,0,110,541,791,20,40,60,110,541,731
180000000,5531776,195279608,474659,0,488819,21217,15305,71,361,501,0,0,0,111,551,802,20,41,50,110,561,902
181000000,5531145,195279608,474949,0,488730,20989,15332,80,361,521,0,0,0,111,551,802,20,41,50,110,541,682
182000000,5627948,195279608,473734,0,487779,22353,16134,70,361,501,0,0,0,110,551,801,20,40,51,110,441,682
183000000,5492903,195279608,474007,0,489937,20985,15071,70,351,491,0,0,0,111,551,802,20,40,60,110,551,612
184000000,5518360,195279608,475760,0,489005,20619,14616,70,370,521,0,0,0,110,561,811,20,41,60,110,601,771
185000000,5517776,195279608,477168,0,489544,19651,13637,80,361,511,0,0,0,110,551,811,20,40,51,110,552,742
186000000,5581177,195279608,477981,0,489578,19006,13435,80,371,521,0,0,0,110,541,791,20,50,51,110,471,631
187000000,5549147,195279608,475743,0,489551,20425,14281,71,361,511,0,0,0,110,551,821,20,40,50,110,521,781
188000000,5568359,195279608,476433,0,489832,19505,14230,80,361,511,0,0,0,111,541,782,20,40,50,110,541,841
189000000,5495626,195279608,473810,0,487641,22495,16054,61,371,541,0,0,0,111,561,801,20,40,50,110,551,741
190000000,5432281,195279608,477620,0,489905,19029,13446,71,351,521,0,0,0,111,561,841,20,40,60,110,471,741
191000000,5503060,195279608,476809,0,490890,18920,13381,70,360,501,0,0,0,111,551,791,20,40,50,110,451,592
192000000,5520906,195279608,475163,0,489801,20565,14471,70,361,491,0,0,0,111,561,812,20,41,50,110,541,711
193000000,5600659,195279608,477411,0,490030,19299,13260,70,371,511,0,0,0,110,541,792,20,40,60,110,501,601
194000000,5570284,195279608,476706,0,491447,18605,13242,70,361,511,0,0,0,110,551,801,20,41,50,110,551,621
195000000,5570170,195279608,479529,0,491476,17033,11962,70,351,501,0,0,0,111,551,801,20,50,50,110,521,671
196000000,5655344,195279608,480842,0,492526,15703,10929,70,360,501,0,0,0,110,541,771,20,50,60,110,601,761
197000000,5686453,195279608,478945,0,491790,17166,12099,61,360,521,0,0,0,110,541,801,20,41,60,110,431,751
198000000,5729223,195279608,478148,0,490557,18449,12846,60,340,491,0,0,0,110,541,801,20,40,50,110,551,731
199000000,5544696,195279608,476997,0,494325,16625,12053,61,351,501,0,0,0,111,551,802,20,40,50,110,541,781
200000000,5647806,195279608,479324,0,491455,17077,12144,61,361,501,0,0,0,110,541,801,20,40,50,110,521,591
201000000,5738440,195279608,477303,0,491354,17807,13536,60,340,501,0,0,0,110,551,781,20,40,50,110,551,712
202000000,5681136,195279608,479007,0,491000,17704,12289,60,360,501,0,0,0,110,541,792,20,40,60,110,602,822
203000000,5720910,195279608,478206,0,491851,17430,12513,61,361,511,0,0,0,110,531,771,20,40,51,110,491,751
204000000,5653573,195279608,478895,0,492317,16725,12063,70,351,491,0,0,0,110,541,761,20,41,50,110,441,741
205000000,5679336,195279608,477437,0,492456,17681,12426,61,350,501,0,0,0,110,541,801,20,40,51,110,531,682
206000000,5641871,195279608,479000,0,492096,17062,11842,70,351,511,0,0,0,110,531,801,20,40,51,110,501,611
207000000,5596152,195279608,476971,0,491539,18587,12903,61,361,501,0,0,0,111,541,782,20,40,50,110,491,681
208000000,5617617,195279608,477843,0,491671,17921,12565,60,351,521,0,0,0,111,551,792,20,40,60,110,531,751
209000000,5731742,195279608,478480,0,491585,17358,12577,60,351,521,0,0,0,110,541,761,20,40,50,110,470,4699
210000000,5715391,195279608,479645,0,488410,18753,13192,60,351,491,0,0,0,110,541,792,20,40,50,110,541,612
211000000,5600298,195279608,475347,0,492947,18450,13256,60,341,501,0,0,0,111,551,801,20,40,50,110,541,632
212000000,5689965,195279608,477853,0,491657,17662,12828,60,361,521,0,0,0,110,541,792,20,40,60,110,511,631
213000000,5685566,195279608,479194,0,490256,17790,12760,61,360,511,0,0,0,110,531,791,20,41,60,110,511,821
214000000,5676077,195279608,479833,0,492687,16235,11245,61,361,491,0,0,0,110,531,761,20,50,60,110,521,581
215000000,5770962,195279608,478587,0,492374,17052,11987,60,350,541,0,0,0,110,541,782,20,40,50,110,471,581
216000000,5643635,195279608,476462,0,490646,19037,13855,60,350,491,0,0,0,110,551,801,20,40,50,110,501,602
217000000,5634527,195279608,478170,0,490130,18432,13268,70,361,520,0,0,0,110,551,811,20,50,60,110,541,722
218000000,5663126,195279608,478126,0,492097,17638,12139,61,361,511,0,0,0,111,531,791,20,41,60,110,461,581
219000000,5649414,195279608,478975,0,490934,17738,12353,60,360,501,0,0,0,111,541,792,20,40,60,110,511,651
220000000,5528097,195279608,475793,0,490928,19298,13981,60,350,511,0,0,0,111,561,802,20,40,50,111,551,632
221000000,5660783,195279608,479115,0,491260,17429,12196,70,361,501,0,0,0,110,531,772,20,41,50,110,612,821
222000000,5623644,195279608,480173,0,493241,15778,10808,61,360,521,0,0,0,111,541,791,20,41,50,110,510,561
223000000,5681820,195279608,480268,0,491679,16513,11540,60,350,521,0,0,0,111,541,801,20,40,50,110,451,561
224000000,5646163,195279608,479306,0,492830,16136,11728,60,350,501,0,0,0,111,541,811,20,41,50,110,471,651
225000000,5703047,195279608,478861,0,493306,16388,11445,60,360,511,0,0,0,111,531,762,20,41,50,110,541,772
226000000,5835688,195279608,480218,0,492688,16116,10978,60,331,510,0,0,0,110,541,762,20,50,51,110,481,621
227000000,5750790,195279608,478946,0,491768,17297,11989,60,350,521,0,0,0,110,541,781,20,41,60,110,541,731
228000000,5722724,195279608,479033,0,491722,17290,11955,60,341,491,0,0,0,110,551,822,20,41,50,110,441,602
229000000,5847374,195279608,478793,0,492892,16287,12028,60,330,501,0,0,0,110,541,792,20,41,50,110,481,621
230000000,5748807,195279608,477448,0,492396,17713,12443,60,341,501,0,0,0,110,531,771,20,41,60,110,451,632
231000000,5760359,195279608,478343,0,491705,17659,12293,60,350,491,0,0,0,111,531,782,20,40,50,110,551,711
232000000,5559084,195279608,474368,0,491316,19267,15049,61,351,491,0,0,0,111,552,801,20,40,50,110,551,832
233000000,5652007,195279608,481099,0,491581,15984,11336,70,361,511,0,0,0,110,541,782,20,50,50,110,471,641
234000000,5630389,195279608,477910,0,492376,17058,12656,70,371,501,0,0,0,110,541,801,20,40,60,110,531,731
235000000,5692224,195279608,478233,0,490323,18427,13017,60,351,501,0,0,0,110,541,771,20,40,51,110,651,792
236000000,5746521,195279608,476786,0,491195,18389,13630,60,341,501,0,0,0,110,541,792,20,40,50,110,551,621
237000000,5680194,195279608,476864,0,490593,19175,13368,70,360,531,0,0,0,110,541,781,20,40,50,110,541,661
238000000,5707500,195279608,478722,0,494425,15720,11133,60,351,511,0,0,0,110,541,792,20,41,50,110,421,571
239000000,5691747,195279608,478876,0,489687,18443,12994,61,361,511,0,0,0,110,541,791,20,40,50,110,561,671
240000000,5783370,195279608,478418,0,490594,18315,12673,60,341,491,0,0,0,110,541,802,20,41,60,110,591,761
241000000,5776782,195279608,478191,0,491034,18228,12547,60,341,501,0,0,0,110,531,772,20,41,60,110,481,621
242000000,5672640,195279608,477095,0,490036,19202,13667,60,361,501,0,0,0,111,541,792,20,40,50,110,582,792
243000000,5673521,195279608,476223,0,491236,18735,13806,60,351,511,0,0,0,111,551,782,20,40,50,110,541,852
244000000,5679835,195279608,476548,0,490926,18778,13748,60,361,511,0,0,0,110,541,791,20,40,50,110,541,681
245000000,5706913,195279608,475647,0,489503,20062,14788,60,361,511,0,0,0,110,541,821,20,40,50,110,531,701
246000000,5657713,195279608,474878,0,488621,20998,15503,60,361,511,0,0,0,111,551,812,20,41,51,110,531,682
247000000,5648641,195279608,476180,0,490253,19425,14142,70,371,521,0,0,0,110,531,812,20,40,50,110,501,671
248000000,5675650,195279608,478916,0,490829,17744,12511,60,360,491,0,0,0,110,541,792,20,40,50,110,541,721
249000000,5691036,195279608,477452,0,489560,19345,13643,60,360,521,0,0,0,110,541,781,20,40,60,110,541,721
250000000,5545816,195279608,475705,0,492023,18623,13649,70,351,491,0,0,0,111,551,821,20,41,50,110,541,722
251000000,5503255,195279608,475997,0,490757,18581,14665,70,351,511,0,0,0,111,561,841,20,40,60,110,581,711
252000000,5595555,195279608,482696,0,492347,14329,10628,70,361,511,0,0,0,111,541,791,20,50,60,110,461,591
253000000,5515855,195279608,477354,0,492555,17423,12668,60,351,501,0,0,0,111,561,831,20,41,60,110,561,681
254000000,5653721,195279608,483123,0,495011,12777,9089,60,351,501,0,0,0,111,541,791,20,50,51,110,541,722
255000000,5680909,195279608,483396,0,496133,12026,8445,60,341,491,0,0,0,111,521,782,20,50,60,110,521,661
256000000,5767281,195279608,481138,0,493471,14792,10599,60,341,501,0,0,0,110,531,811,20,40,50,110,531,762
257000000,5814875,195279608,484248,0,494022,12789,8941,60,331,511,0,0,0,110,531,772,20,40,51,110,491,551
258000000,5848472,195279608,480101,0,492675,15664,11560,60,350,501,0,0,0,110,531,791,20,41,51,110,451,551
259000000,5796426,195279608,480689,0,494664,14230,10417,60,341,501,0,0,0,110,531,781,20,41,51,110,460,641
260000000,5930786,195279608,481361,0,493281,14746,10612,51,331,491,0,0,0,110,531,782,20,41,60,110,531,3897
261000000,5823203,195279608,480475,0,492590,15886,11049,60,351,501,0,0,0,110,541,801,20,40,50,110,491,611
262000000,5792684,195279608,477665,0,492109,17368,12858,60,331,511,0,0,0,110,531,791,20,40,50,110,551,761
263000000,5723142,195279608,478839,0,492550,16360,12251,60,341,501,0,0,0,110,541,792,20,41,50,110,581,751
264000000,5752267,195279608,479916,0,491809,16663,11612,60,341,511,0,0,0,111,531,772,20,40,41,110,551,852
265000000,5769984,195279608,481645,0,493117,14777,10461,60,331,500,0,0,0,110,531,771,20,50,70,110,521,691
266000000,5733075,195279608,480351,0,492136,15932,11581,60,341,521,0,0,0,111,541,791,20,41,51,110,592,852
267000000,5791329,195279608,480557,0,494774,14449,10220,51,341,541,0,0,0,111,531,791,20,50,61,110,521,551
268000000,5818121,195279608,480717,0,492316,15878,11089,50,341,501,0,0,0,110,531,761,20,41,50,110,581,771
269000000,5828220,195279608,479043,0,491579,17383,11995,50,341,501,0,0,0,110,531,811,20,41,51,110,541,661
270000000,5640348,195279608,472589,0,491311,20342,15758,60,360,511,0,0,0,111,551,802,20,40,50,110,551,731
271000000,5670414,195279608,477159,0,490746,18286,13809,70,351,511,0,0,0,110,541,811,20,41,50,110,480,731
272000000,5725067,195279608,478009,0,491064,17800,13127,70,351,491,0,0,0,110,531,772,20,40,60,110,501,621
273000000,5697717,195279608,477186,0,491447,18059,13308,61,351,501,0,0,0,110,541,791,20,41,50,110,511,571
274000000,5714422,195279608,476345,0,491640,18181,13834,70,350,491,0,0,0,110,541,802,20,40,60,110,531,561
275000000,5656063,195279608,480796,0,492011,15815,11378,70,361,501,0,0,0,110,551,821,30,40,60,110,521,671
276000000,5688297,195279608,479891,0,493156,15717,11236,60,351,521,0,0,0,110,541,781,20,41,50,110,461,651
277000000,5702520,195279608,476219,0,490995,18708,14078,60,350,491,0,0,0,110,541,802,20,40,50,110,541,672
278000000,5733059,195279608,480072,0,492342,16071,11515,70,361,491,0,0,0,110,511,781,20,40,51,110,481,752
279000000,5726004,195279608,478063,0,492902,16878,12157,70,350,501,0,0,0,110,531,782,20,41,60,100,461,631
280000000,5720836,195279608,476388,0,489754,19631,14227,61,341,491,0,0,0,110,531,782,20,50,51,110,591,732
281000000,5706425,195279608,478460,0,491152,17827,12561,60,351,501,0,0,0,110,541,772,20,40,51,110,541,712
282000000,5706053,195279608,481218,0,492984,15426,10372,61,370,511,0,0,0,110,531,822,20,40,50,110,541,621
283000000,5669015,195279608,479666,0,494474,14998,10862,60,350,511,0,0,0,110,541,812,20,41,60,110,471,571
284000000,5649993,195279608,480353,0,493218,15716,10713,60,341,511,0,0,0,111,541,791,20,50,60,110,531,651
285000000,5696101,195279608,480109,0,492023,16378,11490,60,361,511,0,0,0,111,541,792,20,40,60,110,551,691
286000000,5731857,195279608,480790,0,492646,15709,10855,60,351,521,0,0,0,110,541,792,20,41,50,110,541,631
287000000,5675647,195279608,477228,0,490532,18793,13447,60,331,491,0,0,0,111,541,791,20,41,60,110,541,791
288000000,5679883,195279608,476384,0,492967,17671,12978,60,370,510,0,0,0,110,541,772,20,40,61,110,551,762
289000000,5748781,195279608,478248,0,492479,17272,12001,60,361,501,0,0,0,110,541,782,20,40,50,110,571,651
290000000,5696323,195279608,475167,0,491722,19371,13740,60,350,510,0,0,0,110,541,832,20,40,51,110,521,632
291000000,5749573,195279608,472597,0,488121,22555,16727,60,340,501,0,0,0,110,551,841,20,40,50,110,561,771
292000000,5712032,195279608,473311,0,488228,21900,16561,60,351,501,0,0,0,110,551,842,20,40,51,110,541,721
293000000,5721663,195279608,476836,0,491592,18232,13340,60,361,531,0,0,0,110,541,811,20,41,50,110,441,551
294000000,5691560,195279608,471617,0,496495,18545,13343,60,341,501,0,0,0,110,541,782,20,40,51,110,511,621
295000000,5731782,195279608,474654,0,491891,19510,13945,60,351,501,0,0,0,111,531,761,20,40,51,110,460,581
296000000,5653116,195279608,479206,0,488845,17971,13978,60,370,551,0,0,0,111,541,782,20,50,50,110,470,601
297000000,5723639,195279608,482206,0,491550,15191,11053,60,350,481,0,0,0,111,531,781,20,40,50,110,471,692
298000000,5834863,195279608,486211,0,488861,14555,10373,60,341,511,0,0,0,110,531,772,20,50,60,110,451,551
299000000,5779231,195279608,482752,0,491819,14858,10571,60,340,501,0,0,0,111,531,772,30,41,60,110,451,721
300000000,5820393,195279608,479390,0,490715,17602,12293,51,341,501,0,0,0,110,541,792,20,40,50,110,441,671
301000000,5813562,195279608,479621,0,492628,16126,11625,60,331,511,0,0,0,110,531,772,20,50,50,110,431,541
302000000,5766144,195279608,477539,0,490846,18146,13469,60,341,491,0,0,0,110,541,791,20,41,60,110,551,811
303000000,5706169,195279608,478119,0,490645,18098,13138,60,360,511,0,0,0,111,541,801,20,40,51,110,561,712
304000000,5526064,195279608,470869,0,485848,24861,18422,60,351,511,0,0,0,120,561,812,20,40,50,110,531,632
305000000,5759491,195279608,476971,0,490547,18769,13713,60,351,501,0,0,0,110,541,792,20,40,60,110,551,652
306000000,5763483,195279608,477452,0,493627,16692,12229,60,341,521,0,0,0,110,541,811,20,40,50,110,461,661
307000000,5729016,195279608,478995,0,490280,17958,12767,60,351,491,0,0,0,111,541,782,20,50,50,110,531,681
308000000,5864081,195279608,476289,0,490210,19435,14066,50,321,491,0,0,0,110,541,821,20,40,50,110,571,781
309000000,5717649,195279608,476123,0,491626,18640,13611,51,341,521,0,0,0,111,551,802,20,40,50,110,501,691
310000000,5850997,195279608,477434,0,491063,18137,13366,50,340,491,0,0,0,110,531,772,20,40,51,110,471,581
311000000,5910968,195279608,480164,0,492353,16089,11394,50,331,541,0,0,0,110,531,791,20,50,50,110,461,681
312000000,5946161,195279608,479063,0,492013,16894,12030,50,331,501,0,0,0,110,531,811,20,41,50,110,481,702
313000000,5952775,195279608,476516,0,489605,19840,14039,50,321,491,0,0,0,110,531,792,20,40,50,110,471,692
314000000,5861608,195279608,477454,0,491269,18237,13040,60,341,491,0,0,0,110,531,791,20,41,60,110,471,671
315000000,5799554,195279608,476003,0,490942,19262,13793,50,341,511,0,0,0,111,551,821,20,40,50,110,511,792
316000000,5901841,195279608,478149,0,492572,17396,11883,50,341,501,0,0,0,110,521,772,20,40,50,110,461,641
317000000,5765863,195279608,477098,0,492104,17823,12975,50,340,511,0,0,0,111,541,801,20,40,50,110,501,632
318000000,5823614,195279608,478029,0,492513,17164,12294,50,350,501,0,0,0,111,531,782,20,41,60,110,411,561
319000000,5905176,195279608,478696,0,491860,17236,12208,50,331,501,0,0,0,110,521,791,20,40,50,110,531,611
320000000,6008683,195279608,479703,0,493148,15897,11252,50,311,490,0,0,0,110,521,791,20,40,60,110,541,641
321000000,5925202,195279608,480224,0,491818,16460,11498,50,320,491,0,0,0,110,531,802,20,40,50,110,471,752
322000000,5884440,195279608,477564,0,491510,17914,13012,50,350,510,0,0,0,110,531,772,20,41,50,110,571,702
323000000,5833509,195279608,476920,0,491525,18245,13310,50,341,501,0,0,0,111,541,782,20,40,50,110,571,761
324000000,5840419,195279608,476043,0,490415,19473,14069,50,331,500,0,0,0,111,541,781,20,40,50,110,541,781
325000000,5907720,195279608,478476,0,491877,17272,12375,50,341,521,0,0,0,111,521,812,20,41,50,110,451,631
326000000,5997394,195279608,479799,0,493059,16005,11137,50,321,491,0,0,0,110,511,781,20,50,60,110,561,661
327000000,5832983,195279608,477482,0,490502,18545,13471,50,321,511,0,0,0,111,551,822,20,41,50,110,511,661
328000000,6045782,195279608,481244,0,494754,13994,10008,50,321,511,0,0,0,110,491,741,20,50,50,110,421,541
329000000,6072256,195279608,480936,0,493501,14914,10649,50,321,491,0,0,0,110,521,771,20,40,50,110,500,621
330000000,5991018,195279608,481086,0,494314,14440,10160,50,331,510,0,0,0,110,511,781,20,41,60,110,480,712
331000000,5925090,195279608,479112,0,493717,15765,11406,50,330,500,0,0,0,111,531,762,20,40,50,110,501,601
332000000,5856073,195279608,480139,0,493980,15119,10762,50,311,491,0,0,0,111,531,792,20,41,50,110,551,662
333000000,6034704,195279608,480356,0,493137,15542,10965,50,320,501,0,0,0,110,521,792,20,41,50,110,461,621
334000000,5864421,195279608,476598,0,490629,19094,13679,50,330,511,0,0,0,111,531,782,20,41,60,110,541,691
335000000,5994981,195279608,479678,0,493131,15783,11408,50,321,491,0,0,0,110,531,761,20,40,50,110,471,671
336000000,5933279,195279608,478520,0,492009,17034,12437,50,330,511,0,0,0,110,531,791,20,40,50,110,511,642
337000000,5947999,195279608,479241,0,492579,16578,11602,50,330,491,0,0,0,110,511,752,20,40,50,110,511,661
338000000,5956804,195279608,476969,0,490312,18977,13742,50,331,501,0,0,0,110,531,781,20,40,60,110,471,681
339000000,5880633,195279608,477223,0,491428,18237,13112,50,320,501,0,0,0,111,541,821,20,40,50,110,511,751
340000000,5925322,195279608,478270,0,491031,17882,12817,50,330,500,0,0,0,111,521,781,20,40,50,110,551,681
341000000,5901391,195279608,477465,0,491399,18290,12846,50,330,501,0,0,0,110,541,792,20,40,60,110,551,621
342000000,5905748,195279608,477914,0,490791,18085,13210,50,311,491,0,0,0,110,541,792,20,40,50,110,561,891
343000000,5955577,195279608,478190,0,492812,17025,11973,50,321,491,0,0,0,110,521,791,20,40,51,110,521,692
344000000,5975447,195279608,476919,0,492906,17532,12643,50,321,481,0,0,0,110,541,791,20,40,50,110,551,762
345000000,5964855,195279608,476310,0,491298,18692,13700,50,311,491,0,0,0,110,521,792,20,40,50,110,491,802
346000000,6020889,195279608,479044,0,491239,17240,12477,50,330,501,0,0,0,110,521,781,20,41,60,110,541,592
347000000,5919165,195279608,478043,0,493484,16473,12000,50,321,491,0,0,0,111,531,792,20,41,60,110,491,631
348000000,5887174,195279608,477965,0,488967,19111,13957,50,330,501,0,0,0,110,541,802,20,40,60,110,531,641
349000000,5864010,195279608,476841,0,490671,18874,13614,50,341,491,0,0,0,110,541,792,20,40,50,110,441,571
350000000,5981870,195279608,475948,0,489228,20142,14682,50,311,491,0,0,0,110,541,801,20,40,50,110,521,601
351000000,5942187,195279608,475298,0,489842,20338,14522,50,321,511,0,0,0,110,541,782,20,40,50,110,541,711
352000000,5921628,195279608,475910,0,489101,20304,14685,50,340,521,0,0,0,110,531,771,20,41,51,110,471,731
353000000,5961966,195279608,474997,0,489724,20334,14945,50,321,491,0,0,0,110,531,761,20,40,50,110,491,691
354000000,5869653,195279608,476276,0,490751,19033,13940,50,331,501,0,0,0,110,531,761,20,40,51,110,471,641
355000000,5948562,195279608,476815,0,491437,18323,13425,50,340,531,0,0,0,110,531,792,20,40,50,110,551,632
356000000,5951881,195279608,474009,0,490635,20540,14816,50,331,501,0,0,0,110,531,782,20,40,51,110,531,701
357000000,5902394,195279608,476401,0,490190,19440,13969,50,311,501,0,0,0,111,531,771,20,40,50,110,451,561
358000000,5935039,195279608,478020,0,490686,18324,12970,50,320,481,0,0,0,111,531,771,20,40,50,110,421,531
359000000,5860969,195279608,477384,0,492472,17371,12773,50,351,531,0,0,0,111,531,811,20,40,50,110,531,631
360000000,5945208,195279608,479699,0,492319,16403,11579,50,330,491,0,0,0,111,511,771,20,40,50,110,460,621
361000000,5938899,195279608,479715,0,492893,15884,11508,50,330,491,0,0,0,111,521,782,20,40,50,110,421,571
362000000,5912032,195279608,477328,0,491008,18418,13246,50,321,491,0,0,0,111,531,772,20,40,50,110,541,772
363000000,5951818,195279608,479126,0,490923,17487,12464,50,331,511,0,0,0,110,531,791,20,40,51,110,511,842
364000000,5953054,195279608,479401,0,491966,16992,11641,50,320,491,0,0,0,111,531,792,20,50,60,110,581,701
365000000,6111214,195279608,480915,0,491706,16053,11326,50,310,501,0,0,0,110,511,771,20,41,50,110,521,771
366000000,6011858,195279608,480046,0,491369,16751,11834,50,310,501,0,0,0,111,521,811,20,40,60,110,541,611
367000000,6053644,195279608,479589,0,490665,17324,12422,50,331,501,0,0,0,110,521,782,20,40,51,110,431,601
368000000,5910312,195279608,476619,0,491385,18530,13466,50,331,501,0,0,0,111,531,772,20,40,50,110,541,731
369000000,6099378,195279608,473935,0,490586,20194,15285,50,321,501,0,0,0,110,521,792,20,40,50,110,501,812
370000000,6017298,195279608,477811,0,490579,18477,13133,50,341,491,0,0,0,110,521,801,20,40,50,110,531,671
371000000,6030688,195279608,478210,0,490588,18269,12933,50,320,511,0,0,0,110,521,791,20,40,50,110,511,571
372000000,5978590,195279608,476898,0,490576,18853,13673,50,340,501,0,0,0,110,521,802,20,40,41,110,471,671
373000000,6085926,195279608,479285,0,491992,16795,11928,50,301,511,0,0,0,110,511,781,20,41,51,110,451,561
374000000,6056329,195279608,478999,0,491942,16751,12308,50,341,500,0,0,0,110,511,771,20,40,60,110,441,661
375000000,6068500,195279608,480467,0,491435,16471,11627,50,340,491,0,0,0,110,520,771,20,40,50,110,481,631
376000000,6063762,195279608,476794,0,490116,19142,13948,50,311,491,0,0,0,110,521,771,20,40,51,110,521,621
377000000,6008835,195279608,475810,0,492463,18271,13456,50,340,491,0,0,0,110,521,791,20,40,50,110,481,551
378000000,6053794,195279608,476806,0,489705,19152,14337,50,320,491,0,0,0,110,531,782,20,40,50,110,541,871
379000000,5944113,195279608,477414,0,489939,18732,13915,50,341,551,0,0,0,110,531,762,20,40,50,110,591,782
380000000,5930527,195279608,479131,0,492461,16223,12185,50,321,501,0,0,0,110,531,762,20,40,51,110,581,881
381000000,5963585,195279608,480923,0,493077,15020,10980,50,321,491,0,0,0,110,521,771,20,40,50,110,471,612
382000000,5979412,195279608,477930,0,490530,18080,13460,50,331,511,0,0,0,110,541,801,20,41,51,110,531,622
383000000,6093285,195279608,479292,0,492560,16278,11870,50,320,501,0,0,0,110,511,791,20,40,50,110,531,672
384000000,6091094,195279608,480350,0,492474,15775,11401,50,320,491,0,0,0,110,521,801,20,41,50,110,481,571
385000000,6303870,195279608,480905,0,492567,15581,10947,40,291,481,0,0,0,110,480,761,20,41,61,110,531,761
386000000,5938811,195279608,479403,0,495863,14321,10413,50,340,491,0,0,0,110,531,772,20,40,50,110,461,601
387000000,6107637,195279608,480426,0,492050,16158,11366,50,321,481,0,0,0,110,490,751,20,40,60,110,481,551
388000000,6026966,195279608,479839,0,490203,17550,12408,50,330,491,0,0,0,110,521,761,20,40,50,110,441,652
389000000,6162774,195279608,479823,0,493994,15456,10727,50,300,481,0,0,0,110,511,781,20,40,51,110,511,691
390000000,6107631,195279608,480523,0,492282,15888,11307,50,330,491,0,0,0,110,521,741,20,41,50,110,541,692
391000000,6081685,195279608,479821,0,492741,15900,11538,50,311,501,0,0,0,110,520,782,20,41,51,110,551,721
392000000,6087243,195279608,481419,0,492287,15414,10880,41,311,481,0,0,0,110,501,811,20,40,51,110,531,632
393000000,5905872,195279608,479424,0,494050,15496,11030,50,341,531,0,0,0,111,541,791,20,50,60,110,491,662
394000000,5948288,195279608,478708,0,491532,17393,12367,50,331,511,0,0,0,110,521,772,20,41,60,110,551,751
395000000,6054826,195279608,480918,0,492696,15498,10888,50,331,501,0,0,0,110,520,762,20,41,60,110,521,851
396000000,6265621,195279608,481531,0,493002,15005,10462,50,301,491,0,0,0,110,481,742,20,40,50,110,501,782
397000000,6242609,195279608,482473,0,493536,14284,9707,50,301,491,0,0,0,110,481,771,20,40,50,110,561,861
398000000,6154573,195279608,478621,0,492740,16684,11955,50,311,511,0,0,0,110,511,781,20,41,60,110,511,741
399000000,6109769,195279608,479267,0,491605,17102,12026,50,331,521,0,0,0,110,521,781,20,40,50,110,461,541
400000000,6093221,195279608,478611,0,491199,17749,12441,50,310,501,0,0,0,110,491,741,20,40,50,110,470,581
401000000,6059962,195279608,479709,0,494630,15079,10582,50,321,501,0,0,0,110,511,751,20,41,50,110,521,701
402000000,6040590,195279608,481178,0,493259,14945,10618,50,301,491,0,0,0,110,521,781,20,41,60,110,541,621
403000000,6003572,195279608,481208,0,493774,14771,10247,50,330,491,0,0,0,110,501,772,20,40,50,110,531,621
404000000,6150250,195279608,478730,0,492826,16627,11817,41,301,501,0,0,0,110,511,781,20,40,50,110,541,611
405000000,5928825,195279608,471192,0,501592,15740,11476,50,331,500,0,0,0,110,541,792,20,41,60,110,541,711
406000000,5859568,195279608,484404,0,490649,14638,10309,60,361,521,0,0,0,110,501,772,20,50,60,110,461,671
407000000,5910106,195279608,483220,0,490627,15150,11003,50,340,491,0,0,0,110,531,792,20,41,50,110,481,771
408000000,5996017,195279608,480007,0,492075,16354,11564,50,331,491,0,0,0,110,491,761,20,40,51,110,511,791
409000000,5967154,195279608,482596,0,489643,16408,11353,50,341,521,0,0,0,110,521,751,20,40,50,110,551,681
410000000,5953540,195279608,478874,0,491467,17350,12309,50,331,491,0,0,0,110,531,791,20,40,50,110,541,702
411000000,5976344,195279608,478985,0,491695,17286,12034,50,340,501,0,0,0,110,531,792,20,40,50,110,571,772
412000000,6043490,195279608,478053,0,491149,17916,12882,50,311,491,0,0,0,110,521,772,20,40,51,110,470,571
413000000,5997290,195279608,479603,0,492157,16555,11685,50,341,501,0,0,0,110,521,772,20,41,50,110,551,701
414000000,5870900,195279608,477752,0,491301,17596,13351,50,330,491,0,0,0,110,541,791,20,40,50,110,581,731
415000000,6092524,195279608,481674,0,494582,13904,9840,50,321,491,0,0,0,110,521,802,20,50,51,110,471,661
416000000,5986458,195279608,481865,0,492840,14913,10382,50,330,501,0,0,0,110,511,772,20,40,41,110,491,932
417000000,6053166,195279608,478976,0,492058,16991,11975,50,321,501,0,0,0,110,521,791,20,40,60,110,471,581
418000000,5942026,195279608,478583,0,490115,18236,13066,50,331,501,0,0,0,110,541,821,20,41,50,110,551,721
419000000,5901055,195279608,479100,0,492681,16440,11779,50,321,491,0,0,0,110,531,771,20,40,50,110,491,551
420000000,5937197,195279608,480603,0,494016,14938,10443,50,321,491,0,0,0,110,531,802,20,40,50,110,501,601
421000000,5956134,195279608,479864,0,493726,15320,11090,50,331,490,0,0,0,111,531,772,20,40,50,110,471,641
422000000,5922341,195279608,481425,0,494743,13849,9983,50,331,491,0,0,0,111,530,771,20,41,60,110,541,681
423000000,6053884,195279608,482052,0,493645,14197,10106,50,331,491,0,0,0,110,501,782,20,50,51,110,500,601
424000000,6103849,195279608,480549,0,493030,15273,11148,50,301,481,0,0,0,110,531,772,20,40,50,110,461,681
425000000,6019318,195279608,479864,0,491751,16566,11819,50,330,481,0,0,0,110,511,782,20,40,50,110,491,561
426000000,6020423,195279608,480323,0,491799,16285,11593,50,330,501,0,0,0,110,521,782,20,40,50,110,561,641
427000000,5951037,195279608,476664,0,491934,18361,13041,50,340,511,0,0,0,110,531,782,20,40,50,110,481,672
428000000,6053761,195279608,481294,0,492278,15509,10919,50,311,491,0,0,0,110,491,772,20,41,51,110,551,812
429000000,5992400,195279608,478499,0,491815,17218,12468,50,321,511,0,0,0,110,531,802,20,41,60,110,521,591
430000000,6045336,195279608,480620,0,494948,14584,9848,50,310,481,0,0,0,110,511,791,20,50,50,110,441,591
431000000,5956877,195279608,478960,0,492980,16194,11866,50,350,501,0,0,0,111,521,792,20,50,50,110,541,712
432000000,6131537,195279608,479371,0,492572,16458,11599,50,320,501,0,0,0,110,511,792,20,41,51,110,551,842
433000000,6089585,195279608,478937,0,490970,17812,12281,50,330,491,0,0,0,110,511,771,20,40,50,110,470,681
434000000,5991965,195279608,478629,0,492111,17080,12180,50,331,521,0,0,0,110,531,751,20,40,50,110,531,631
435000000,6173504,195279608,481413,0,492574,15383,10630,50,300,481,0,0,0,110,501,761,20,40,61,110,460,521
436000000,6056178,195279608,478238,0,491010,17959,12793,41,311,501,0,0,0,111,521,772,20,40,50,110,551,741
437000000,6027858,195279608,478294,0,491185,17764,12757,50,340,501,0,0,0,110,521,781,20,40,51,110,471,571
438000000,6063466,195279608,481516,0,493694,14527,10263,50,321,501,0,0,0,110,521,801,20,40,50,110,531,682
439000000,6100276,195279608,479459,0,492623,16450,11468,50,300,501,0,0,0,110,481,781,20,41,60,110,501,631
440000000,6027153,195279608,479723,0,493288,15768,11221,50,300,501,0,0,0,110,501,751,20,40,50,110,411,481
441000000,6138403,195279608,480040,0,492809,15773,11378,50,311,501,0,0,0,110,521,772,20,41,50,110,581,752
442000000,6096115,195279608,478525,0,491558,17419,12498,50,340,491,0,0,0,110,511,761,20,41,50,110,471,671
443000000,6154019,195279608,478373,0,491280,17574,12773,50,320,481,0,0,0,110,511,761,20,40,51,110,491,591
444000000,6131853,195279608,480333,0,492326,16126,11215,50,301,471,0,0,0,110,501,761,20,40,50,110,551,831
445000000,6145165,195279608,479468,0,492117,16723,11692,50,321,491,0,0,0,110,501,732,20,40,50,110,541,651
446000000,6054210,195279608,479458,0,492510,16396,11636,50,311,491,0,0,0,110,491,741,20,40,50,110,430,671
447000000,6068654,195279608,479294,0,492357,16678,11671,50,331,481,0,0,0,110,500,762,20,40,51,110,551,871
448000000,6035717,195279608,478706,0,491682,17227,12385,50,311,471,0,0,0,110,531,802,20,40,50,110,561,681
449000000,6031743,195279608,478683,0,489627,18264,13426,50,331,501,0,0,0,110,521,772,20,40,50,110,521,692
450000000,5998375,195279608,474862,0,488662,21221,15255,50,320,511,0,0,0,110,541,792,20,40,50,110,531,721
451000000,6023123,195279608,478383,0,490450,18249,12918,50,331,501,0,0,0,110,541,792,20,40,51,110,561,912
452000000,5932097,195279608,477357,0,494039,16638,11966,50,321,501,0,0,0,110,541,772,20,40,50,110,461,671
453000000,5973129,195279608,478495,0,490623,18009,12873,50,320,501,0,0,0,110,531,801,20,40,50,110,531,702
454000000,5956697,195279608,478411,0,490946,17876,12767,50,341,500,0,0,0,110,531,772,20,40,60,110,551,731
455000000,6008249,195279608,477819,0,491640,17840,12701,50,331,491,0,0,0,110,521,791,20,40,50,110,471,611
456000000,6082169,195279608,480610,0,491817,16345,11228,50,331,491,0,0,0,110,491,741,20,41,51,110,441,622
457000000,6032074,195279608,476566,0,489940,19477,14017,50,330,491,0,0,0,110,511,761,20,40,50,110,521,601
458000000,6031943,195279608,477843,0,489444,18894,13819,50,320,491,0,0,0,110,501,762,20,40,50,110,501,632
459000000,6057672,195279608,476423,0,490102,19700,13775,50,321,491,0,0,0,110,511,751,20,40,50,110,561,711
460000000,6062342,195279608,478173,0,490208,18885,12734,50,330,501,0,0,0,110,501,732,20,40,50,110,461,611
461000000,6139805,195279608,478406,0,491115,17853,12626,50,341,501,0,0,0,110,501,781,20,41,50,110,441,571
462000000,6064970,195279608,476505,0,489704,19811,13980,50,321,481,0,0,0,110,531,781,20,40,60,110,531,722
463000000,6002214,195279608,475452,0,489502,20400,14646,50,321,501,0,0,0,110,521,752,20,40,50,110,471,632
464000000,6126812,195279608,478920,0,490950,17804,12326,50,301,511,0,0,0,110,511,772,20,40,50,110,531,771
465000000,6050227,195279608,478795,0,492592,16643,11970,50,311,491,0,0,0,110,521,762,20,40,50,110,481,691
466000000,6027988,195279608,479098,0,489931,18193,12778,50,311,491,0,0,0,110,511,732,20,40,50,110,511,641
467000000,6042769,195279608,475712,0,490028,20049,14211,50,311,491,0,0,0,110,531,781,20,40,50,110,531,651
468000000,5992490,195279608,478797,0,490704,17809,12690,50,331,511,0,0,0,110,531,811,20,40,50,110,521,591
469000000,6134057,195279608,479471,0,488277,18962,13290,50,310,491,0,0,0,110,481,752,20,40,50,110,551,782
470000000,5936918,195279608,476932,0,491536,18397,13135,50,330,501,0,0,0,111,521,752,20,40,50,110,481,691
471000000,5997005,195279608,480587,0,491581,16444,11388,50,330,491,0,0,0,110,511,771,20,40,60,110,511,631
472000000,6070803,195279608,479054,0,490489,18096,12361,50,321,501,0,0,0,110,521,761,20,40,50,110,491,872
473000000,6089739,195279608,474370,0,490535,20512,14583,50,310,501,0,0,0,110,521,761,20,41,50,110,541,682
474000000,6212222,195279608,476799,0,488796,20188,14217,50,311,501,0,0,0,110,491,742,20,40,51,110,461,772
475000000,6077392,195279608,476270,0,490291,19512,13927,50,321,491,0,0,0,110,511,761,20,40,50,110,461,651
476000000,6057992,195279608,478084,0,489755,19131,13030,50,320,491,0,0,0,110,511,771,20,40,50,110,491,721
477000000,6030389,195279608,476662,0,490950,19025,13363,50,311,491,0,0,0,110,521,751,20,40,60,110,511,741
478000000,6101105,195279608,475030,0,489584,20437,14949,50,310,491,0,0,0,110,501,742,20,40,50,110,451,662
479000000,6071261,195279608,476187,0,490764,19351,13698,50,340,500,0,0,0,110,511,761,20,40,61,110,481,691
480000000,6066204,195279608,478026,0,490186,18865,12923,50,340,510,0,0,0,110,500,792,20,40,50,110,470,702
481000000,6048512,195279608,477528,0,490785,18804,12883,50,331,511,0,0,0,110,531,791,20,40,50,110,430,561
482000000,6175378,195279608,476317,0,489098,20506,14079,50,330,501,0,0,0,110,521,791,20,40,50,110,551,721
483000000,6176382,195279608,472425,0,487904,23184,16487,50,300,481,0,0,0,110,491,761,20,40,50,110,461,741
484000000,6146097,195279608,474121,0,487616,22383,15880,50,311,491,0,0,0,110,531,801,20,40,50,110,490,601
485000000,6086849,195279608,471509,0,489427,22950,16114,50,320,501,0,0,0,110,511,782,20,40,50,110,471,661
486000000,6058283,195279608,474409,0,489134,21575,14882,50,321,481,0,0,0,110,521,761,20,40,51,110,441,661
487000000,5973536,195279608,477331,0,492512,17438,12719,50,341,501,0,0,0,110,531,782,20,40,41,110,491,631
488000000,6152423,195279608,479817,0,489642,18229,12312,50,311,501,0,0,0,110,511,782,20,40,50,110,471,621
489000000,6015329,195279608,475562,0,491942,19037,13459,50,311,480,0,0,0,110,521,742,20,40,50,110,541,581
490000000,6171459,195279608,478344,0,490422,18181,13053,50,311,491,0,0,0,110,501,812,20,40,50,110,481,551
491000000,6039274,195279608,478403,0,489618,18629,13350,50,330,491,0,0,0,110,521,771,20,40,50,110,461,581
492000000,6002390,195279608,477614,0,491665,17775,12946,50,330,491,0,0,0,110,501,761,20,40,50,110,481,601
493000000,6010575,195279608,478083,0,489929,18609,13379,50,341,501,0,0,0,110,511,782,20,40,41,110,651,881
494000000,6174496,195279608,477981,0,491346,17871,12802,50,310,501,0,0,0,110,521,771,20,40,50,110,441,481
495000000,6086911,195279608,477757,0,488955,19438,13850,50,291,491,0,0,0,110,521,761,20,40,50,110,491,581
496000000,5972613,195279608,475261,0,492594,18478,13667,50,321,511,0,0,0,110,531,771,20,40,50,110,491,681
497000000,6047324,195279608,480271,0,490181,17296,12252,50,341,501,0,0,0,110,531,791,20,40,50,110,541,702
498000000,6008296,195279608,477067,0,490242,18971,13720,50,330,491,0,0,0,110,531,781,20,40,50,110,541,781
499000000,5943289,195279608,475783,0,489900,19714,14603,50,311,491,0,0,0,110,531,792,20,40,50,110,531,562
500000000,5938954,195279608,480013,0,492068,16341,11578,50,331,491,0,0,0,110,521,782,20,41,60,110,581,801
501000000,5963206,195279608,478338,0,491538,17508,12616,50,321,501,0,0,0,110,531,812,20,40,50,110,551,691
502000000,6044889,195279608,479082,0,491656,17115,12147,50,340,501,0,0,0,110,501,771,20,40,60,110,471,681
503000000,6144984,195279608,480185,0,492194,16223,11398,50,320,501,0,0,0,110,501,781,20,40,50,110,421,541
504000000,5860964,195279608,475606,0,490610,19378,14406,50,360,551,0,0,0,110,561,821,20,40,50,110,581,752
505000000,5934123,195279608,476595,0,491693,17955,13757,50,331,491,0,0,0,110,541,791,20,40,50,110,541,851
506000000,6057714,195279608,479949,0,492039,16113,11899,50,330,501,0,0,0,110,501,751,20,40,50,110,541,671
507000000,5840679,195279608,474847,0,489165,20560,15428,50,341,501,0,0,0,110,541,802,20,40,50,110,612,752
508000000,5965752,195279608,483214,0,492791,13964,10031,60,340,491,0,0,0,110,501,741,20,40,50,110,501,651
509000000,5923928,195279608,479638,0,493207,15595,11560,51,350,501,0,0,0,110,501,791,20,40,60,110,572,641
510000000,5920727,195279608,479515,0,492798,15928,11759,60,341,501,0,0,0,110,521,772,20,50,60,110,551,701
511000000,5995330,195279608,481685,0,491005,15925,11385,50,341,500,0,0,0,110,511,751,20,41,50,110,461,551
512000000,5870635,195279608,481911,0,493336,14455,10298,60,341,491,0,0,0,110,531,761,20,41,50,110,531,571
513000000,5909069,195279608,481152,0,493473,14740,10635,51,351,491,0,0,0,110,521,762,20,50,60,110,511,551
514000000,5968894,195279608,478092,0,491309,17775,12824,50,341,491,0,0,0,110,521,781,20,40,50,110,481,571
515000000,5959945,195279608,480752,0,491653,16183,11412,50,331,491,0,0,0,110,511,752,20,40,50,110,461,601
516000000,6008447,195279608,477892,0,489450,18960,13698,50,341,501,0,0,0,110,521,791,20,40,51,110,461,711
517000000,6033584,195279608,479983,0,492215,16129,11673,50,321,521,0,0,0,110,501,751,20,41,60,110,461,571
518000000,5956803,195279608,480359,0,493630,15112,10899,50,321,501,0,0,0,110,521,802,20,50,50,110,521,742
519000000,6133349,195279608,481538,0,492828,15122,10512,50,310,501,0,0,0,110,501,762,20,41,60,110,471,561
520000000,6029713,195279608,479865,0,492933,15919,11283,50,311,501,0,0,0,110,521,791,20,40,60,110,481,702
521000000,6036586,195279608,481025,0,492589,15390,10996,50,331,501,0,0,0,110,511,782,20,40,50,110,471,621
522000000,6070666,195279608,478254,0,493309,16376,12061,50,321,501,0,0,0,110,531,771,20,40,50,110,511,651
523000000,6069382,195279608,480555,0,493590,14994,10861,50,320,511,0,0,0,110,511,771,20,50,60,110,531,641
524000000,6008201,195279608,476941,0,491135,18244,13680,50,330,501,0,0,0,110,531,781,20,40,60,110,551,732
525000000,6047041,195279608,482097,0,493901,13993,10009,50,320,501,0,0,0,110,491,731,20,41,60,110,501,681
526000000,6021917,195279608,479707,0,492176,16409,11708,50,340,501,0,0,0,110,501,732,20,41,51,110,491,561
527000000,6004150,195279608,481072,0,492412,15503,11013,50,341,501,0,0,0,110,491,721,20,40,51,110,471,651
528000000,6010720,195279608,480948,0,491968,15954,11130,50,320,491,0,0,0,110,491,771,20,40,60,110,471,622
529000000,6006115,195279608,478305,0,491763,17350,12582,50,320,501,0,0,0,111,511,722,20,40,50,110,461,601
530000000,6120957,195279608,483949,0,494611,12707,8733,50,311,481,0,0,0,110,481,731,20,40,50,110,461,692
531000000,6044761,195279608,480127,0,490982,16934,11957,50,320,481,0,0,0,110,511,772,20,40,60,110,471,581
532000000,5962108,195279608,476209,0,492149,18203,13439,50,351,511,0,0,0,111,531,801,20,40,60,110,541,692
533000000,6061967,195279608,481553,0,492661,15071,10715,50,320,491,0,0,0,110,491,782,20,41,60,110,471,581
534000000,6106251,195279608,479122,0,491879,16976,12023,50,310,491,0,0,0,110,491,742,20,40,60,110,471,732
535000000,6051083,195279608,479271,0,491913,16575,12241,50,330,511,0,0,0,110,521,792,20,40,41,110,541,882
536000000,6080777,195279608,480060,0,493251,15470,11219,50,321,491,0,0,0,110,510,791,20,41,60,110,541,651
537000000,6121379,195279608,480197,0,490695,16951,12157,50,321,501,0,0,0,110,491,752,20,40,61,110,461,822
538000000,6059838,195279608,478122,0,490608,18217,13053,50,311,481,0,0,0,110,501,792,20,41,50,110,541,722
539000000,6091347,195279608,478982,0,492081,16819,12118,50,341,521,0,0,0,110,481,781,20,40,60,110,541,651
540000000,6112623,195279608,481605,0,490792,16304,11299,50,321,491,0,0,0,110,501,762,20,40,50,110,461,792
541000000,6030257,195279608,478185,0,489836,18652,13327,50,321,501,0,0,0,110,521,771,20,40,50,110,431,611
542000000,6039015,195279608,481761,0,495328,13503,9408,50,310,501,0,0,0,110,511,811,20,50,60,110,471,681
543000000,6140014,195279608,482102,0,491820,15419,10659,50,311,501,0,0,0,110,491,712,20,41,60,110,431,581
544000000,6157464,195279608,480248,0,491883,16311,11558,50,301,511,0,0,0,110,491,742,20,41,51,110,471,571
545000000,6117937,195279608,478256,0,491829,17406,12509,50,311,510,0,0,0,110,501,762,20,40,51,110,531,672
546000000,6084646,195279608,479001,0,494101,15911,10987,50,311,501,0,0,0,110,511,761,20,40,50,110,561,762
547000000,5949700,195279608,479316,0,490815,17530,12339,50,331,511,0,0,0,111,531,791,20,40,50,110,551,771
548000000,5941973,195279608,476635,0,489937,19536,13892,50,331,481,0,0,0,111,531,791,20,41,50,110,501,661
549000000,5985455,195279608,475627,0,491977,18973,13423,50,321,481,0,0,0,110,531,781,20,40,50,110,551,791
550000000,6071766,195279608,480664,0,493393,15197,10746,50,321,501,0,0,0,110,481,711,20,40,50,110,461,551
551000000,6103662,195279608,481601,0,493426,14613,10360,50,320,491,0,0,0,110,481,751,20,40,60,110,431,541
552000000,6117751,195279608,481488,0,491536,15885,11091,50,321,501,0,0,0,110,481,771,20,40,50,110,440,621
553000000,5933792,195279608,476908,0,489402,19467,14223,50,320,501,0,0,0,111,541,762,20,40,50,110,471,591
554000000,6001702,195279608,475907,0,489945,19705,14443,50,321,501,0,0,0,110,541,801,20,40,60,110,511,752
555000000,6123089,195279608,481491,0,492764,15305,10440,50,311,481,0,0,0,110,491,721,20,40,50,110,471,561
556000000,6118909,195279608,480240,0,493403,15390,10967,50,300,481,0,0,0,110,491,782,20,40,50,110,471,611
557000000,6228470,195279608,481795,0,493139,14807,10259,50,300,521,0,0,0,110,481,732,20,40,50,110,551,792
558000000,6157753,195279608,480449,0,490114,17251,12186,41,301,491,0,0,0,110,511,761,20,40,50,110,460,621
559000000,6276567,195279608,478276,0,489929,18529,13266,50,290,481,0,0,0,110,500,731,20,40,50,110,501,601
560000000,6066279,195279608,474074,0,491773,19740,14413,50,330,500,0,0,0,110,531,772,20,40,50,110,531,581
561000000,6169667,195279608,475036,0,489378,20305,15281,40,300,481,0,0,0,110,521,781,20,40,50,110,461,621
562000000,6176660,195279608,480632,0,492101,15749,11518,50,311,501,0,0,0,110,491,751,20,41,60,110,441,612
563000000,6095265,195279608,478333,0,491242,17707,12718,50,311,491,0,0,0,110,511,761,20,40,50,110,461,561
564000000,6174354,195279608,482579,0,495573,12385,9463,50,310,491,0,0,0,110,471,701,20,40,50,110,471,621
565000000,6269128,195279608,483126,0,493874,13500,9500,41,310,491,0,0,0,110,481,772,20,40,60,110,440,591
566000000,6333376,195279608,482602,0,494551,13471,9376,40,300,491,0,0,0,110,471,702,20,40,50,110,421,671
567000000,6228631,195279608,480532,0,491611,16393,11464,41,290,481,0,0,0,110,481,762,20,40,50,110,471,571
568000000,6144894,195279608,479240,0,490684,17814,12262,41,301,491,0,0,0,110,481,751,20,40,51,110,451,561
569000000,6269492,195279608,481123,0,492569,15586,10722,40,310,491,0,0,0,110,481,741,20,40,60,110,441,621
570000000,6231496,195279608,478676,0,491698,17803,11823,41,291,501,0,0,0,110,481,781,20,40,50,110,461,581
571000000,6156053,195279608,480467,0,493147,15512,10874,50,311,481,0,0,0,110,481,752,20,40,50,110,531,672
572000000,6170317,195279608,477469,0,489106,19494,13931,40,300,491,0,0,0,110,531,781,20,40,50,110,481,631
573000000,6207280,195279608,478513,0,492099,17302,12086,41,301,491,0,0,0,110,481,731,20,40,50,110,461,611
574000000,6160101,195279608,480973,0,491891,15880,11256,50,310,481,0,0,0,110,481,741,20,40,60,110,561,641
575000000,6236532,195279608,479610,0,491774,16779,11837,41,301,481,0,0,0,110,491,761,20,40,50,110,541,701
576000000,6117644,195279608,477556,0,491536,17980,12928,50,310,491,0,0,0,110,511,761,20,40,50,110,541,671
577000000,6173088,195279608,480044,0,491736,16685,11535,41,311,491,0,0,0,110,501,761,20,40,50,110,481,701
578000000,6165638,195279608,479448,0,491893,16859,11800,41,301,491,0,0,0,110,491,722,20,40,50,110,541,711
579000000,6202983,195279608,479929,0,491398,16904,11769,41,300,491,0,0,0,110,481,712,20,40,50,110,501,711
580000000,6113497,195279608,477056,0,489269,19913,13762,40,311,481,0,0,0,110,531,751,20,40,50,110,531,601
581000000,6241957,195279608,479116,0,491240,17346,12298,50,301,501,0,0,0,110,481,752,20,40,60,110,421,561
582000000,6185401,195279608,477938,0,492690,17185,12187,41,300,481,0,0,0,110,501,762,20,40,50,110,481,591
583000000,6211333,195279608,477816,0,490897,18249,13038,41,301,481,0,0,0,110,501,742,20,40,50,110,561,781
584000000,6186543,195279608,480558,0,491800,16333,11309,41,300,491,0,0,0,110,481,751,20,40,50,110,451,612
585000000,6105161,195279608,477915,0,492086,17648,12351,41,321,501,0,0,0,110,521,801,20,40,50,110,561,812
586000000,6159414,195279608,480417,0,489632,17513,12438,41,300,481,0,0,0,110,521,762,20,40,50,110,451,642
587000000,6180891,195279608,479808,0,491252,17088,11852,40,300,491,0,0,0,110,481,751,20,40,50,110,631,762
588000000,6087247,195279608,477190,0,489785,19211,13814,41,311,491,0,0,0,110,501,771,20,40,50,110,531,651
589000000,6226043,195279608,480299,0,491996,16406,11299,40,301,491,0,0,0,110,471,701,20,40,60,110,510,661
590000000,6219809,195279608,478305,0,490668,18127,12900,40,291,481,0,0,0,110,481,772,20,40,50,110,481,631
591000000,6237881,195279608,480471,0,491327,16538,11664,40,301,481,0,0,0,110,470,712,20,40,50,110,461,551
592000000,6242203,195279608,477532,0,490525,18694,13249,40,291,491,0,0,0,110,501,771,20,40,50,110,411,551
592822934,6254548,195279608,394541,0,402966,15082,10345,40,291,501,0,0,0,110,481,711,20,40,41,110,461,561
